"","trt_id","trt","trt_short","block","rotation","crop_numb","GWC","Total.C","Total.N","NH4","NO3","pHH2O","Clay","Silt","Sand","richness","Hdiversity","J"
"BD-01","B-102","B2",2,1,"fallow",10,0.179,11.9,1,0.036,1.917,7,38,11,51,9833,7.19773429531616,0.782915625220955
"BD-02","B-111","B3",3,1,"CSW-2cov",5,0.125,11.6,1,0.146,1.074,6.1,35,19,46,8579,7.01507928032283,0.774541572380693
"BD-03","B-107","B6",6,1,"CSW-1cov",4,0.18,11.5,1,0.089,1.014,6.58,38,21,41,8006,7.00770186878601,0.77967774262428
"BD-04","B-119","B9",9,1,"CSW",3,0.189,8.2,0.8,0.062,1.935,6.83,32,19,48,9751,7.09760503491929,0.772728181706959
"BD-05","B-109","B12",12,1,"CS",2,0.198,10.5,1.1,0.042,0.684,6.84,36,11,53,9130,7.07434927431747,0.775753950848522
"BD-06","B-108","B18",18,1,"C",1,0.179,8.7,0.8,0.044,1.059,6.95,37,11,52,8650,7.117395540958,0.785123942749451
"BD-09","B-206","B2",2,2,"fallow",10,0.144,7.4,0.7,0.082,1.245,6.52,17,55,28,9075,7.13659966014535,0.783099028031286
"BD-10","B-203","B3",3,2,"CSW-2cov",5,0.103,7.5,NA,0.038,1.494,6.25,12,66,22,7961,6.76498242849387,0.753145071200483
"BD-11","B-207","B6",6,2,"CSW-1cov",4,0.153,8.5,0.9,0.041,1.379,6.02,17,53,30,8823,7.02661269880057,0.773420146714943
"BD-12","B-205","B9",9,2,"CSW",3,0.085,5.3,0.6,0.1,1.58,6.32,9,70,21,7968,6.98293511534454,0.777333669745016
"BD-13","B-202","B12",12,2,"CS",2,0.115,5.7,0.4,0.041,0.405,6.64,12,65,23,10265,7.19803708216184,0.779303927021862
"BD-14","B-208","B18",18,2,"C",1,0.164,7.5,0.6,0.133,1.723,6.77,18,42,40,9038,7.08213191295011,0.777470821537432
"BD-17","B-316","B2",2,3,"fallow",10,0.134,6.4,0.6,0.037,1.275,6.41,25,46,29,8963,7.19494945633773,0.790579048772125
"BD-18","B-306","B3",3,3,"CSW-2cov",5,0.123,8.4,0.8,0.089,1.768,6.35,17,63,20,7605,6.96369024404946,0.779236004156968
"BD-19","B-317","B6",6,3,"CSW-1cov",4,0.138,9.4,0.9,0.069,1.574,6.5,22,53,25,4533,6.82604618032571,0.810777203805352
"BD-20","B-314","B9",9,3,"CSW",3,0.135,7.3,0.7,0.077,0.99,6.5,18,52,30,9494,7.13798230618711,0.779390546624347
"BD-21","B-313","B12",12,3,"CS",2,0.136,6.5,0.7,0.1,1.976,6.59,18,55,27,9180,7.15805869145933,0.78446348768457
"BD-22","B-311","B18",18,3,"C",1,0.14,6.7,0.6,0.07,0.957,6.5,18,55,26,9247,7.24198094858007,0.793028664622439
"BD-25","B-402","B2",2,4,"fallow",10,0.17,9.2,0.8,0.125,1.566,6.86,22,43,35,11343,7.22688968982664,0.774058917438505
"BD-26","B-403","B3",3,4,"CSW-2cov",5,0.141,8.3,0.9,0.088,0.618,6.29,19,55,26,9566,6.92561608471016,0.755579143741806
"BD-27","B-406","B6",6,4,"CSW-1cov",4,0.158,9.2,0.9,0.041,0.405,6.39,17,56,27,9132,7.02897757380334,0.770760100608941
"BD-28","B-409","B9",9,4,"CSW",3,0.18,8.9,0.7,0.031,0.541,6.5,25,39,37,9774,7.03644309564281,0.765872934707005
"BD-29","B-412","B12",12,4,"CS",2,0.188,8.1,0.7,0.23,1.584,6.58,24,34,42,9001,7.092854339456,0.778998734843692
"BD-30","B-418","B18",18,4,"C",1,0.2,9.5,0.9,0.391,1.49,6.08,28,37,35,9913,7.10204851476344,0.771827370772923
"BD-33","B-112","B15",15,1,"C-1cov",2,0.21,10.2,0.9,0.045,0.781,6.79,36,9,55,8886,7.15571702386823,0.787014321758721
"BD-34","B-213","B15",15,2,"C-1cov",2,0.136,7.3,0.7,0.054,1.393,6.52,17,54,29,8652,7.03073709208869,0.775544821814721
"BD-35","B-301","B15",15,3,"C-1cov",2,0.187,11.1,1,0.082,1.471,6.23,31,36,33,10381,7.16051880872994,0.774299950344477
"BD-36","B-415","B15",15,4,"C-1cov",2,0.175,7.7,1.1,0.041,2.351,6.31,23,44,33,8353,6.98786633407295,0.773817868400851
